{"cameraMode":{"drawMode":0,"name":"Shaded","section":"Shading Mode"},"sceneLighting":false,"audioPlay":false,"sceneViewState":{"showFog":true,"showMaterialUpdate":false,"showSkybox":false,"showFlares":true,"showImageEffects":true,"showParticleSystems":true},"in2DMode":false,"pivot":{"x":115.6488037109375,"y":2.2176332473754885,"z":43.19487380981445},"rotation":{"x":-0.28809183835983279,"y":-0.13984252512454987,"z":0.042569391429424289,"w":-0.946385383605957},"size":15.611825942993164,"orthographic":false}