{"cameraMode":{"drawMode":0,"name":"Shaded","section":"Shading Mode"},"sceneLighting":false,"audioPlay":false,"sceneViewState":{"showFog":true,"showMaterialUpdate":false,"showSkybox":false,"showFlares":true,"showImageEffects":true,"showParticleSystems":true},"in2DMode":false,"pivot":{"x":45.1447868347168,"y":6.986837387084961,"z":34.805030822753909},"rotation":{"x":0.42876365780830386,"y":-0.05495721474289894,"z":0.026149196550250055,"w":0.9013785719871521},"size":11.712370872497559,"orthographic":false}