{"cameraMode":{"drawMode":0,"name":"Shaded","section":"Shading Mode"},"sceneLighting":false,"audioPlay":false,"sceneViewState":{"showFog":true,"showMaterialUpdate":false,"showSkybox":false,"showFlares":true,"showImageEffects":true,"showParticleSystems":true},"in2DMode":false,"pivot":{"x":42.81488800048828,"y":2.4363133907318117,"z":50.94591522216797},"rotation":{"x":0.1002693772315979,"y":0.03521236404776573,"z":-0.0035509373992681505,"w":0.9943357706069946},"size":15.066893577575684,"orthographic":false}