{"cameraMode":{"drawMode":0,"name":"Shaded","section":"Shading Mode"},"sceneLighting":false,"audioPlay":false,"sceneViewState":{"showFog":true,"showMaterialUpdate":false,"showSkybox":false,"showFlares":true,"showImageEffects":true,"showParticleSystems":true},"in2DMode":false,"pivot":{"x":46.91181564331055,"y":3.9946937561035158,"z":42.66965866088867},"rotation":{"x":0.27652236819267275,"y":0.2714195251464844,"z":-0.08173475414514542,"w":0.9182567596435547},"size":11.36721420288086,"orthographic":false}