{"cameraMode":{"drawMode":0,"name":"Shaded","section":"Shading Mode"},"sceneLighting":true,"audioPlay":false,"sceneViewState":{"showFog":true,"showMaterialUpdate":false,"showSkybox":true,"showFlares":true,"showImageEffects":true,"showParticleSystems":true},"in2DMode":false,"pivot":{"x":24.36095428466797,"y":6.445939064025879,"z":39.87895584106445},"rotation":{"x":0.35051706433296206,"y":-0.18862445652484895,"z":0.07228365540504456,"w":0.9145470261573792},"size":21.368846893310548,"orthographic":false}