{"cameraMode":{"drawMode":0,"name":"Shaded","section":"Shading Mode"},"sceneLighting":false,"audioPlay":false,"sceneViewState":{"showFog":true,"showMaterialUpdate":false,"showSkybox":false,"showFlares":true,"showImageEffects":true,"showParticleSystems":true},"in2DMode":false,"pivot":{"x":29.981706619262697,"y":5.627119541168213,"z":35.091522216796878},"rotation":{"x":0.3084504306316376,"y":0.4216054677963257,"z":-0.15509411692619325,"w":0.8384882807731628},"size":10.82048225402832,"orthographic":false}