{"cameraMode":{"drawMode":0,"name":"Shaded","section":"Shading Mode"},"sceneLighting":false,"audioPlay":false,"sceneViewState":{"showFog":true,"showMaterialUpdate":false,"showSkybox":false,"showFlares":true,"showImageEffects":true,"showParticleSystems":true},"in2DMode":false,"pivot":{"x":25.909866333007814,"y":25.204113006591798,"z":34.41963195800781},"rotation":{"x":0.12149786949157715,"y":-0.7125864624977112,"z":0.12744703888893128,"w":0.6791759133338928},"size":11.286407470703125,"orthographic":false}