{"cameraMode":{"drawMode":0,"name":"Shaded","section":"Shading Mode"},"sceneLighting":true,"audioPlay":false,"sceneViewState":{"showFog":true,"showMaterialUpdate":false,"showSkybox":true,"showFlares":true,"showImageEffects":true,"showParticleSystems":true},"in2DMode":false,"pivot":{"x":56.44028854370117,"y":5.575430870056152,"z":42.76345443725586},"rotation":{"x":0.33783429861068728,"y":0.29824182391166689,"z":-0.11379444599151612,"w":0.8854261636734009},"size":32.34199905395508,"orthographic":false}