{"cameraMode":{"drawMode":0,"name":"Shaded","section":"Shading Mode"},"sceneLighting":true,"audioPlay":false,"sceneViewState":{"showFog":true,"showMaterialUpdate":false,"showSkybox":true,"showFlares":true,"showImageEffects":true,"showParticleSystems":true},"in2DMode":false,"pivot":{"x":241.66661071777345,"y":96.0936279296875,"z":-0.5008581280708313},"rotation":{"x":0.3711097240447998,"y":0.1855868697166443,"z":-0.07596109807491303,"w":0.9066861867904663},"size":562.7619018554688,"orthographic":false}