{"cameraMode":{"drawMode":0,"name":"Shaded","section":"Shading Mode"},"sceneLighting":false,"audioPlay":false,"sceneViewState":{"showFog":true,"showMaterialUpdate":false,"showSkybox":false,"showFlares":true,"showImageEffects":true,"showParticleSystems":true},"in2DMode":false,"pivot":{"x":50.560001373291019,"y":3.351249933242798,"z":42.5},"rotation":{"x":0.33783429861068728,"y":0.29824182391166689,"z":-0.11379444599151612,"w":0.8854261636734009},"size":11.36721420288086,"orthographic":false}