{"cameraMode":{"drawMode":0,"name":"Shaded","section":"Shading Mode"},"sceneLighting":false,"audioPlay":false,"sceneViewState":{"showFog":true,"showMaterialUpdate":false,"showSkybox":false,"showFlares":true,"showImageEffects":true,"showParticleSystems":true},"in2DMode":false,"pivot":{"x":0.42693376541137698,"y":4.795772075653076,"z":24.804149627685548},"rotation":{"x":0.35051706433296206,"y":-0.18862445652484895,"z":0.07228365540504456,"w":0.9145470261573792},"size":10.983720779418946,"orthographic":false}