{"cameraMode":{"drawMode":0,"name":"Shaded","section":"Shading Mode"},"sceneLighting":false,"audioPlay":false,"sceneViewState":{"showFog":false,"showMaterialUpdate":false,"showSkybox":false,"showFlares":false,"showImageEffects":false,"showParticleSystems":false},"in2DMode":false,"pivot":{"x":0.4751620292663574,"y":3.921861171722412,"z":24.81416893005371},"rotation":{"x":0.05723064765334129,"y":-0.7048090696334839,"z":0.05719621479511261,"w":0.704812228679657},"size":13.983454704284668,"orthographic":false}