{"cameraMode":{"drawMode":0,"name":"Shaded","section":"Shading Mode"},"sceneLighting":false,"audioPlay":false,"sceneViewState":{"showFog":true,"showMaterialUpdate":false,"showSkybox":false,"showFlares":true,"showImageEffects":true,"showParticleSystems":true},"in2DMode":false,"pivot":{"x":-11.261404991149903,"y":5.057474613189697,"z":28.880821228027345},"rotation":{"x":0.1815970242023468,"y":-0.7118592858314514,"z":0.199303537607193,"w":0.6485525965690613},"size":22.883380889892579,"orthographic":false}